Symbol,Name,Last Sale,Net Change,% Change,Market Cap,Country,IPO Year,Volume,Sector,Industry
A,Agilent Technologies Inc. Common Stock,$123.18,-0.89,-0.72%,37797724613,United States,1999,1919704,Capital Goods,Biotechnology: Laboratory Analytical Instruments
AA,Alcoa Corporation Common Stock ,$20.95,0.59,2.90%,3896240546,,2016,5235256,Basic Industries,Aluminum
AACG,ATA Creativity Global American Depositary Shares,$6.33,-7.97,-55.73%,198448671,China,,18248553,Consumer Services,Other Consumer Services
AACQ,Artius Acquisition Inc. Class A Common Stock,$11.30,0.18,1.62%,1023356250,United States,2020,1055598,Finance,Business Services
AACQU,Artius Acquisition Inc. Unit ,$12.12,0.17,1.42%,0,United States,2020,26011,Finance,Business Services
AACQW,Artius Acquisition Inc Warrant,$2.59,0.04,1.57%,0,United States,2020,238618,Finance,Business Services
AAIC,Arlington Asset Investment Corp Class A (new),$3.69,-0.01,-0.27%,123348165,United States,,105811,Consumer Services,Real Estate Investment Trusts
AAIC^B,Arlington Asset Investment Corp 7.00% ,$22.15,0.0001,0.00%,,United States,,4737,,
AAIC^C,Arlington Asset Investment Corp 8.250% Seies C Fixed-to-Floating Rate Cumulative Redeemable Preferred Stock   ,$21.9899,0.1849,0.85%,,United States,,2551,,
AAL,American Airlines Group Inc. Common Stock,$17.19,-0.21,-1.21%,10683232983,United States,,30808989,Transportation,Air Freight/Delivery Services
AAMC,Altisource Asset Management Corp Com,$22.14,0.15,0.68%,36535694,United States,,7483,Finance,Real Estate
AAME,Atlantic American Corporation Common Stock,$5.20,2.81,117.57%,106154251,United States,,111676271,Finance,Life Insurance
AAN,Aarons Holdings Company Inc. Common Stock ,$19.63,0.67,3.53%,663072132,United States,2020,362573,Technology,Diversified Commercial Services
AAOI,Applied Optoelectronics Inc. Common Stock,$11.73,0.34,2.99%,269511366,United States,2013,509714,Technology,Semiconductors
AAON,AAON Inc. Common Stock,$77.64,0.77,1.00%,4056076256,United States,,97579,Capital Goods,Industrial Machinery/Components
AAP,Advance Auto Parts Inc Advance Auto Parts Inc W/I,$157.28,-1.2,-0.76%,10672161894,United States,,877852,Consumer Services,Other Specialty Stores
AAPL,Apple Inc. Common Stock,$136.76,-0.425,-0.31%,2.37105E+12,United States,1980,75521175,Technology,Computer Manufacturing
AAT,American Assets Trust Inc. Common Stock,$28.81,0.29,1.02%,1742281610,United States,2011,110027,Consumer Services,Real Estate Investment Trusts
AAU,Almaden Minerals Ltd. Common Shares,$0.7451,0.0264,3.67%,89820770,Canada,2015,3936156,Basic Industries,Precious Metals
AAWW,Atlas Air Worldwide Holdings NEW Common Stock,$53.73,0.65,1.23%,1478504368,United States,,473240,Transportation,Transportation Services
AB,AllianceBernstein Holding L.P.  Units,$38.47,0.61,1.61%,3699835631,United States,,498533,Finance,Investment Managers
ABB,ABB Ltd Common Stock,$28.82,-0.2,-0.69%,59334300507,Switzerland,,1711381,Consumer Durables,Electrical Products
ABBV,AbbVie Inc. Common Stock,$108.73,0.2,0.18%,1.9196E+11,United States,2012,7249827,Health Care,Major Pharmaceuticals
ABC,AmerisourceBergen Corporation Common Stock,$109.69,-2.23,-1.99%,22444245676,United States,,1832461,Health Care,Other Pharmaceuticals
ABCB,Ameris Bancorp Common Stock,$44.00,0.13,0.30%,3059825164,United States,1994,324526,Finance,Major Banks
ABCL,AbCellera Biologics Inc. Common Shares,$46.55,-0.03,-0.06%,12530690600,Canada,2020,458750,Health Care,Major Pharmaceuticals
ABCM,Abcam plc American Depositary Shares,$22.65,0.41,1.84%,5134604310,United Kingdom,2020,41018,Health Care,Biotechnology: Biological Products (No Diagnostic Substances)
ABEO,Abeona Therapeutics Inc. Common Stock,$2.58,0.12,4.88%,254201525,United States,,3394426,Health Care,Major Pharmaceuticals
ABEV,Ambev S.A. American Depositary Shares (Each representing 1 Common Share),$2.92,0.01,0.34%,45945951158,,2013,15304618,Consumer Non-Durables,Beverages (Production/Distribution)
ABG,Asbury Automotive Group Inc Common Stock,$155.12,1.88,1.23%,2991574206,United States,2002,194153,Consumer Durables,Automotive Aftermarket
ABIO,ARCA biopharma Inc. Common Stock,$4.66,0,0.00%,43438050,United States,,1092075,Health Care,Biotechnology: In Vitro & In Vivo Diagnostic Substances
ABM,ABM Industries Incorporated Common Stock,$39.43,0.13,0.33%,2632294358,United States,,208285,Finance,Diversified Commercial Services
ABMD,ABIOMED Inc. Common Stock,$327.85,3.07,0.95%,14826883799,United States,,255422,Health Care,Medical/Dental Instruments
ABNB,Airbnb Inc. Class A Common Stock,$195.31,-0.49,-0.25%,1.16483E+11,United States,2020,2866369,Finance,Diversified Commercial Services
ABR,Arbor Realty Trust Common Stock,$15.45,0.07,0.46%,1906454125,United States,2004,995334,Consumer Services,Real Estate Investment Trusts
ABR^A,Arbor Realty Trust Preferred Series A,$26.2516,0.1016,0.39%,,United States,,4605,,
ABR^B,Arbor Realty Trust Cumulative Redeemable Preferred Series B,$25.70,0.01,0.04%,,United States,,600,,
ABR^C,Arbor Realty Trust Cumulative Redeemable Preferred Series C,$26.70,0.08,0.30%,,United States,,1301,,
ABST,Absolute Software Corporation Common Stock,$13.74,0.03,0.22%,670206807,Canada,2020,370703,Technology,Computer Software: Prepackaged Software
ABT,Abbott Laboratories Common Stock,$124.03,4.29,3.58%,2.19826E+11,United States,,5803395,Health Care,Major Pharmaceuticals
ABTX,Allegiance Bancshares Inc. Common Stock,$36.81,-0.33,-0.89%,752672843,United States,2015,32877,Finance,Major Banks
ABUS,Arbutus Biopharma Corporation Common Stock,$4.15,-0.01,-0.24%,352373421,Canada,,4201015,Health Care,Major Pharmaceuticals
AC,Associated Capital Group Inc. Common Stock,$36.25,0.8,2.26%,808561543,United States,2015,9387,Finance,Investment Bankers/Brokers/Service
ACA,Arcosa Inc. Common Stock ,$61.53,0.61,1.00%,2969890968,,2018,240842,Capital Goods,Metal Fabrications
ACAC,Acies Acquisition Corp. Class A Ordinary Share,$10.75,-0.12,-1.10%,289242188,United States,2020,852653,Finance,Business Services
ACACU,Acies Acquisition Corp. Unit,$11.53,-0.25,-2.12%,0,United States,2020,240453,Finance,Business Services
ACACW,Acies Acquisition Corp. Warrant,$2.53,-0.04,-1.56%,0,United States,2020,259437,Finance,Business Services
ACAD,ACADIA Pharmaceuticals Inc. Common Stock,$51.70,0.63,1.23%,8219167098,United States,2004,798874,Health Care,Major Pharmaceuticals
ACB,Aurora Cannabis Inc. Common Shares,$12.80,-0.27,-2.07%,2526602483,,2018,16835654,Consumer Durables,Specialty Chemicals
ACBI,Atlantic Capital Bancshares Inc. Common Stock,$18.87,-0.17,-0.89%,384851989,United States,,77672,Finance,Major Banks
ACC,American Campus Communities Inc Common Stock,$42.89,0.55,1.30%,5903040383,United States,2004,486385,Consumer Services,Real Estate Investment Trusts
ACCD,Accolade Inc. Common Stock,$53.29,0.22,0.42%,2948065629,United States,2020,565433,,
ACCO,Acco Brands Corporation Common Stock,$8.86,0.01,0.11%,837241976,United States,,318188,Consumer Durables,Publishing
ACEL,Accel Entertainment Inc. ,$10.53,-0.01,-0.10%,1019123632,United States,2017,204907,Consumer Services,Services-Misc. Amusement & Recreation
ACER,Acer Therapeutics Inc. Common Stock (DE),$3.99,-0.07,-1.72%,57097874,United States,,223927,Health Care,Major Pharmaceuticals
ACET,Adicet Bio Inc. Common Stock ,$12.67,0.13,1.04%,248203121,United States,2018,95887,Health Care,Major Pharmaceuticals
ACEV,ACE Convergence Acquisition Corp. Class A Ordinary Shares,$10.95,-0.05,-0.46%,314812500,United States,2020,507915,Finance,Business Services
ACEVU,ACE Convergence Acquisition Corp. Unit,$12.30,-0.06,-0.49%,0,United States,2020,10768,Finance,Business Services
ACEVW,ACE Convergence Acquisition Corp. Warrant,$2.63,0.02,0.77%,0,United States,2020,176811,Finance,Business Services
ACGL,Arch Capital Group Ltd. Common Stock,$33.80,0.41,1.23%,13723698066,Bermuda,,1553771,Finance,Property-Casualty Insurers
ACGLO,Arch Capital Group Ltd. Depositary Shares Each Representing 1/1000th Interest in a Share of 5.45% Non-Cumulative Preferred Shares Series F,$26.45,0.02,0.08%,0,Bermuda,,10870,Finance,Property-Casualty Insurers
ACGLP,Arch Capital Group Ltd. Depositary Shares Representing Interest in 5.25% Non-Cumulative Preferred Series E Shrs,$25.71,0.04,0.16%,0,Bermuda,,17307,Finance,Property-Casualty Insurers
ACH,Aluminum Corporation of China Limited American Depositary Shares,$8.09,0.01,0.12%,5508536967,China,2001,36095,Basic Industries,Aluminum
ACHC,Acadia Healthcare Company Inc. Common Stock,$54.40,-0.49,-0.89%,4841124109,United States,,332065,Health Care,Medical Specialities
ACHV,Achieve Life Sciences Inc. Common Shares,$13.66,-0.29,-2.08%,83191640,United States,,170960,Health Care,Biotechnology: In Vitro & In Vivo Diagnostic Substances
ACI,Albertsons Companies Inc. Class A Common Stock,$16.93,0.22,1.32%,7881478058,United States,2020,1228686,Consumer Services,Food Chains
ACIA,Acacia Communications Inc. Common Stock,$114.78,-0.04,-0.04%,4862513980,United States,2016,323641,Technology,Semiconductors
ACIC,Atlas Crest Investment Corp. Class A Common Stock,$11.32,0.32,2.91%,728725000,United States,2020,804799,Finance,Business Services
ACIU,AC Immune SA Common Stock,$7.05,-0.13,-1.81%,505776059,Switzerland,2016,605522,Health Care,Major Pharmaceuticals
ACIW,ACI Worldwide Inc. Common Stock,$40.53,0.28,0.70%,4732344851,United States,,357495,Technology,Computer Software: Prepackaged Software
ACKIT,Ackrell SPAC Partners I Co. Subunits,$10.21,0.01,0.10%,0,United States,2021,20676,,
ACKIU,Ackrell SPAC Partners I Co. Units,$10.72,0,0.00%,0,United States,2020,54900,Finance,Business Services
ACKIW,Ackrell SPAC Partners I Co. Warrants,$1.24,-0.16,-11.43%,0,United States,2021,174256,,
ACLS,Axcelis Technologies Inc. Common Stock,$36.90,-0.43,-1.15%,1236002621,United States,2000,278798,Technology,Industrial Machinery/Components
ACM,AECOM Common Stock,$54.37,0.42,0.78%,8034500489,United States,2007,665955,Consumer Services,Military/Government/Technical
ACMR,ACM Research Inc. Class A Common Stock,$98.23,-0.79,-0.80%,1813799662,United States,2017,219978,Technology,Industrial Machinery/Components
ACN,Accenture plc Class A Ordinary Shares (Ireland),$253.54,0.53,0.21%,1.67758E+11,Ireland,2001,1497675,Miscellaneous,Business Services
ACNB,ACNB Corporation Common Stock,$27.10,0.35,1.31%,235859782,United States,,4959,Finance,Major Banks
ACND,Ascendant Digital Acquisition Corp. Class A Ordinary Shares,$10.62,-0.02,-0.19%,549585000,United States,2020,47321,Finance,Business Services
ACOR,Acorda Therapeutics Inc. Common Stock,$7.35,0.19,2.65%,69701785,United States,2006,189623,Health Care,Biotechnology: Biological Products (No Diagnostic Substances)
ACP,Aberdeen Income Credit Strategies Fund Common Shares,$11.17,0.09,0.81%,194716512,United States,2011,157359,,
ACRE,Ares Commercial Real Estate Corporation Common Stock,$12.17,0.17,1.42%,406988373,United States,2012,557049,Consumer Services,Real Estate Investment Trusts
ACRS,Aclaris Therapeutics Inc. Common Stock,$20.77,-0.79,-3.66%,1049179415,United States,2015,2716565,Health Care,Major Pharmaceuticals
ACRX,AcelRx Pharmaceuticals Inc. Common Stock,$2.32,0,0.00%,264041395,United States,2011,4597059,Health Care,Major Pharmaceuticals
ACST,Acasti Pharma Inc. Class A Common Stock,$0.765,0.01,1.33%,74122791,Canada,,24142907,Health Care,Major Pharmaceuticals
ACTC,ArcLight Clean Transition Corp. Class A Ordinary Shares,$24.94,-0.3,-1.19%,865106250,United States,2020,1757492,Finance,Business Services
ACTCU,ArcLight Clean Transition Corp. Unit,$28.77,-0.53,-1.81%,0,United States,2020,17328,Finance,Business Services
ACTCW,ArcLight Clean Transition Corp. Warrant,$7.95,-0.1,-1.24%,0,United States,2020,306624,Finance,Business Services
ACTG,Acacia Research Corporation (Acacia Tech) Common Stock,$7.15,-0.15,-2.06%,352348089,United States,,2070381,Miscellaneous,Multi-Sector Companies
ACU,Acme United Corporation. Common Stock,$32.65,0.93,2.93%,109015509,United States,1988,7057,Capital Goods,Industrial Machinery/Components
ACV,Virtus AllianzGI Diversified Income & Convertible Fund Common Shares of Beneficial Interest,$34.65,0.3,0.87%,358763328,United States,2015,43564,,
ACY,AeroCentury Corp. Common Stock,$10.51,0.99,10.40%,16247241,United States,,125075,Technology,Diversified Commercial Services
ADAP,Adaptimmune Therapeutics plc American Depositary Shares,$6.21,0.37,6.34%,961176124,United Kingdom,2015,969217,Health Care,Biotechnology: Biological Products (No Diagnostic Substances)
ADBE,Adobe Inc. Common Stock,$492.12,2.74,0.56%,2.35578E+11,United States,1986,1675011,Technology,Computer Software: Prepackaged Software
ADC,Agree Realty Corporation Common Stock,$66.13,0.33,0.50%,4167610671,United States,,299099,Consumer Services,Real Estate Investment Trusts
ADCT,ADC Therapeutics SA Common Shares,$30.30,1.18,4.05%,2324575034,,2020,157974,Health Care,Major Pharmaceuticals
ADERU,26 Capital Acquisition Corp. Unit,$10.87,0.02,0.18%,0,United States,2021,160405,Finance,Business Services
ADES,Advanced Emissions Solutions Inc. Common Stock,$5.92,0.61,11.49%,109803491,United States,,408711,Basic Industries,Major Chemicals
ADFI,Anfield Dynamic Fixed Income ETF,$9.8493,-0.0033,-0.03%,,,2020,18,,
ADI,Analog Devices Inc. Common Stock,$148.76,-1.76,-1.17%,54952473883,United States,,2169322,Technology,Semiconductors
ADIL,Adial Pharmaceuticals Inc Common Stock,$2.80,0.45,19.15%,40300680,United States,2018,2683229,Health Care,Major Pharmaceuticals
ADILW,Adial Pharmaceuticals Inc Warrant,$0.645,0.0704,12.25%,0,United States,2018,17576,Health Care,Major Pharmaceuticals
ADM,Archer-Daniels-Midland Company Common Stock,$53.30,0.78,1.49%,29640357111,United States,,2577544,Consumer Non-Durables,Packaged Foods
ADMA,ADMA Biologics Inc Common Stock,$2.60,-0.06,-2.26%,245824935,United States,,3567431,Health Care,Biotechnology: Biological Products (No Diagnostic Substances)
ADME,Aptus Drawdown Managed Equity ETF,$36.50,0.02,0.06%,,United States,2016,54741,,
ADMP,Adamis Pharmaceuticals Corporation Common Stock,$1.22,0.08,7.02%,171140684,United States,,21387566,Health Care,Major Pharmaceuticals
ADMS,Adamas Pharmaceuticals Inc. Common Stock,$6.00,-0.07,-1.15%,171123114,United States,2014,971838,Health Care,Major Pharmaceuticals
ADN,Advent Technologies Holdings Inc. Class A Common Stock,$15.97,15.97,,,United States,2018,922328,,
ADNT,Adient plc Ordinary Shares ,$36.93,1.79,5.09%,3477702125,,2016,1287793,Capital Goods,Auto Parts:O.E.M.
ADNWW,Advent Technologies Holdings Inc. Warrant,$3.44,3.44,,,United States,2018,583532,,
ADOC,Edoc Acquisition Corp. Class A Ordinary Share,$10.30,-0.01,-0.10%,125057450,United States,2020,2717,Finance,Business Services
ADOCR,Edoc Acquisition Corp. Right,$0.50,0.02,4.17%,0,United States,2020,7329,Finance,Business Services
ADOCW,Edoc Acquisition Corp. Warrant,$0.82,0.0123,1.52%,0,United States,2020,208831,Finance,Business Services
ADP,Automatic Data Processing Inc. Common Stock,$167.28,-3.28,-1.92%,71585840002,United States,,1536205,Technology,EDP Services
ADPT,Adaptive Biotechnologies Corporation Common Stock,$61.36,2.05,3.46%,8392355507,United States,2019,429694,Health Care,Biotechnology: Biological Products (No Diagnostic Substances)
ADS,Alliance Data Systems Corporation Common Stock,$84.86,1.71,2.06%,4210904590,United States,2001,1573324,Miscellaneous,Business Services
ADSK,Autodesk Inc. Common Stock,$305.86,5.37,1.79%,67255372802,United States,,1086192,Technology,Computer Software: Prepackaged Software
ADT,ADT Inc. Common Stock,$9.30,-0.07,-0.75%,7676761502,United States,2018,2594915,Consumer Services,Diversified Commercial Services
ADTN,ADTRAN Inc. Common Stock,$16.11,0.02,0.12%,772574704,United States,1994,397551,Public Utilities,Telecommunications Equipment
ADTX,ADiTx Therapeutics Inc. Common Stock,$3.44,-0.21,-5.75%,48070209,United States,2020,1196523,Health Care,Major Pharmaceuticals
ADUS,Addus HomeCare Corporation Common Stock,$124.10,3.29,2.72%,1961860663,United States,2009,64534,Health Care,Medical/Nursing Services
ADV,Advantage Solutions Inc. Class A Common Stock,$10.03,0.03,0.30%,3143654575,United States,2019,811772,Miscellaneous,Business Services
ADVM,Adverum Biotechnologies Inc. Common Stock,$14.01,0.39,2.86%,1365661218,United States,2014,689679,Health Care,Biotechnology: Biological Products (No Diagnostic Substances)
ADVWW,Advantage Solutions Inc. Warrant,$1.945,0.047,2.48%,0,United States,2019,8625,Miscellaneous,Business Services
ADX,Adams Diversified Equity Fund Inc.,$17.94,0.14,0.79%,1949779694,United States,,244444,,
ADXN,Addex Therapeutics Ltd American Depositary Shares,$11.41,0,0.00%,64310388,Switzerland,,17759,Health Care,Major Pharmaceuticals
ADXS,Advaxis Inc. Common Stock,$1.04,0.0882,9.27%,116450556,United States,,37066097,Health Care,Major Pharmaceuticals
AE,Adams Resources & Energy Inc. Common Stock,$26.21,1.33,5.35%,111190264,United States,,6555,Energy,Oil Refining/Marketing
AEACU,Authentic Equity Acquisition Corp. Unit,$10.37,-0.03,-0.29%,0,United States,2021,315982,Finance,Business Services
AEB,AEGON N.V. Perp. Cap. Secs. Floating Rate (Netherlands),$25.23,-0.02,-0.08%,0,Netherlands,,9138,Finance,Life Insurance
AEE,Ameren Corporation Common Stock,$74.20,0.27,0.37%,18342757768,United States,,1243493,Public Utilities,Power Generation
AEF,Aberdeen Emerging Markets Equity Income Fund Inc. Common Stock,$8.72,0.1,1.16%,442555504,United States,,19842,,
AEFC,Aegon Funding Company LLC 5.10% Subordinated Notes due 2049,$26.01,0.03,0.12%,0,,2019,92965,Finance,Life Insurance
AEG,AEGON N.V. Common Stock,$4.31,0.04,0.94%,8742918506,Netherlands,,1905672,Finance,Life Insurance
AEGN,Aegion Corp Common Stock,$20.19,0.03,0.15%,621303882,United States,,61692,Basic Industries,Water Supply
AEHL,Antelope Enterprise Holdings Limited Common Stock (0.024 par),$3.36,0.44,15.07%,10248302,China,,10491011,Capital Goods,Building Materials
AEHR,Aehr Test Systems Common Stock,$2.55,-0.06,-2.30%,59903396,United States,1997,180817,Capital Goods,Electrical Products
AEI,Alset EHome International Inc. Common Stock,$6.05,6.05,,,United States,2020,18141,,
AEIS,Advanced Energy Industries Inc. Common Stock,$113.16,0.13,0.12%,4330940429,United States,1995,177694,Capital Goods,Industrial Machinery/Components
AEL,American Equity Investment Life Holding Company Common Stock,$29.79,-0.26,-0.87%,2955855404,United States,2003,628130,Finance,Life Insurance
AEL^A,American Equity Investment Life Holding Company Depositary Shares each representing a 1/1000th interest in a share of 5.95% Fixed-Rate Reset Non-Cumulative Preferred Stock Series A,$25.941,-0.029,-0.11%,,United States,,19956,,
AEL^B,American Equity Investment Life Holding Company Depositary Shares each representing a 1/1000th interest in a share of 6.625% Fixed-Rate Reset Non-Cumulative Preferred Stock Series B,$27.03,0.03,0.11%,,United States,,23318,,
AEM,Agnico Eagle Mines Limited Common Stock,$70.99,2.54,3.71%,17204453405,Canada,,1605478,Basic Industries,Precious Metals
AEMD,Aethlon Medical Inc. Common Stock,$2.76,0.27,10.84%,33363744,United States,,1178203,Health Care,Medical/Dental Instruments
AENZ,Aenza S.A.A. American Depositary Shares,$2.40,-0.03,-1.24%,418520570,,2018,10186,Basic Industries,Military/Government/Technical
AEO,American Eagle Outfitters Inc. Common Stock,$25.29,0.46,1.85%,4202796091,United States,,3250792,Consumer Services,Clothing/Shoe/Accessory Stores
AEP,American Electric Power Company Inc. Common Stock,$82.19,-0.02,-0.02%,40798255799,United States,,1584863,Public Utilities,Electric Utilities: Central
AEPPL,American Electric Power Company Inc. Corporate Unit,$48.30,0.2,0.42%,0,United States,,57307,Public Utilities,Electric Utilities: Central
AEPPZ,American Electric Power Company Inc. Corporate Units,$49.82,0.1,0.20%,0,United States,,52537,Public Utilities,Electric Utilities: Central
AER,AerCap Holdings N.V. Ordinary Shares,$43.75,0.41,0.95%,5676851819,Netherlands,2006,677755,Technology,Diversified Commercial Services
AERI,Aerie Pharmaceuticals Inc. Common Stock,$17.68,0.04,0.23%,827685540,United States,2013,517063,Health Care,Biotechnology: Biological Products (No Diagnostic Substances)
AES,The AES Corporation Common Stock,$26.86,0.69,2.64%,17865422635,United States,,4324406,Basic Industries,Electric Utilities: Central
AESE,Allied Esports Entertainment Inc. Common Stock,$2.16,0.1,4.85%,84541324,United States,2017,2890055,Consumer Services,Services-Misc. Amusement & Recreation
AESR,Anfield U.S. Equity Sector Rotation ETF,$12.2911,0.0662,0.54%,,,2019,137,,
AEY,ADDvantage Technologies Group Inc. Common Stock,$3.07,0.01,0.33%,36936337,United States,,104376,Consumer Services,Office Equipment/Supplies/Services
AEYE,AudioEye Inc. Common Stock,$29.60,-0.05,-0.17%,296595789,United States,,135054,Technology,Computer Software: Prepackaged Software
AEZS,Aeterna Zentaris Inc. Common Stock,$1.11,0.03,2.78%,69573260,Canada,,17050564,Health Care,Major Pharmaceuticals
AFB,AllianceBernstein National Municipal Income Fund Inc,$14.35,0.05,0.35%,412489832,United States,2002,42808,,
AFBI,Affinity Bancshares Inc. Common Stock (MD),$10.75,0.01,0.09%,0,United States,2017,88342,Finance,Savings Institutions
AFC,Allied Capital Corporation Allied Capital Corporation 6.875% Notes due April 15 2047,$25.81,-0.1,-0.39%,0,United States,,19655,,
AFG,American Financial Group Inc. Common Stock,$100.15,3.75,3.89%,8697448633,United States,,1135097,Finance,Property-Casualty Insurers
AFGB,American Financial Group Inc. 5.875% Subordinated Debentures due 2059,$27.3692,0.0492,0.18%,0,United States,2019,6630,Finance,Property-Casualty Insurers
AFGC,American Financial Group Inc. 5.125% Subordinated Debentures due 2059,$26.934,0.084,0.31%,26881748,United States,2019,4537,Finance,Property-Casualty Insurers
AFGD,American Financial Group Inc. 5.625% Subordinated Debentures due 2060,$27.51,-0.01,-0.04%,0,United States,2020,4732,Finance,Property-Casualty Insurers
AFGE,American Financial Group Inc. 4.500% Subordinated Debentures due 2060,$26.90,0.06,0.22%,0,United States,2020,7454,Finance,Property-Casualty Insurers
AFI,Armstrong Flooring Inc. Common Stock,$4.94,0.45,10.02%,106833537,,2016,368109,Consumer Non-Durables,Plastic Products
AFIB,Acutus Medical Inc. Common Stock,$24.56,-0.22,-0.89%,683899798,United States,2020,282057,Health Care,Medical/Dental Instruments
AFIN,American Finance Trust Inc. Class A Common Stock,$7.81,0.08,1.04%,850018602,United States,,266653,Consumer Services,Real Estate Investment Trusts
AFINO,American Finance Trust Inc. 7.375% Series C Cumulative Redeemable Preferred Stock,$24.95,0.26,1.05%,,United States,,14940,Consumer Services,Real Estate Investment Trusts
AFINP,American Finance Trust Inc. 7.50% Series A Cumulative Redeemable Perpetual Preferred Stock,$25.39,0.21,0.83%,0,United States,,20594,Consumer Services,Real Estate Investment Trusts
AFL,AFLAC Incorporated Common Stock,$45.45,-0.3,-0.66%,31926136385,United States,,4651440,Finance,Accident &Health Insurance
AFMD,Affimed N.V.,$5.945,0.205,3.57%,682404803,Germany,2014,1440827,Health Care,Major Pharmaceuticals
AFRM,Affirm Holdings Inc. Class A Common Stock,$103.45,-5.32,-4.89%,25112153460,United States,2021,2924320,Miscellaneous,Business Services
AFT,Apollo Senior Floating Rate Fund Inc. Common Stock,$14.65,-0.01,-0.07%,228145344,,2011,55205,,
AFYA,Afya Limited Class A Common Shares,$24.85,1.08,4.54%,2316090152,Brazil,2019,337986,Consumer Services,Other Consumer Services
AG,First Majestic Silver Corp. Ordinary Shares (Canada),$16.50,0.39,2.42%,3650421836,Canada,,7164449,Basic Industries,Precious Metals
AGBA,AGBA Acquisition Limited Ordinary Share,$10.55,0.1,0.96%,63036250,Hong Kong,2019,3591,Finance,Business Services
AGBAR,AGBA Acquisition Limited Right,$0.50,0.0006,0.12%,0,Hong Kong,2019,24324,Finance,Business Services
AGBAW,AGBA Acquisition Limited Warrant,$0.65,0.0001,0.02%,0,Hong Kong,2019,68675,Finance,Business Services
AGC,Altimeter Growth Corp. Class A Ordinary Shares,$14.35,0.5,3.61%,896875000,United States,2020,225075,Finance,Business Services
AGCB,Altimeter Growth Corp. 2 Class A Ordinary Shares,$12.37,0.2,1.64%,709419500,,2021,480224,Finance,Business Services
AGCO,AGCO Corporation Common Stock,$119.69,-1.41,-1.16%,8964722591,United States,,580038,Capital Goods,Industrial Machinery/Components
AGCUU,Altimeter Growth Corp. Unit,$15.80,0.6,3.95%,0,United States,2020,26079,Finance,Business Services
AGCWW,Altimeter Growth Corp. Warrant,$5.22,-0.23,-4.22%,0,United States,2020,20526,Finance,Business Services
AGD,Aberdeen Global Dynamic Dividend Fund,$10.95,0.04,0.37%,137417923,United States,2006,19972,,
AGE,AgeX Therapeutics Inc. Common Stock,$2.10,0,0.00%,79151199,,2018,220202,Health Care,Major Pharmaceuticals
AGEN,Agenus Inc. Common Stock,$5.18,-0.02,-0.39%,984973379,United States,2000,7578650,Health Care,Biotechnology: Biological Products (No Diagnostic Substances)
AGFS,AgroFresh Solutions Inc. Common Stock,$2.28,0.18,8.57%,120965309,United States,2014,711693,Basic Industries,Agricultural Chemicals
AGFY,Agrify Corporation Common Stock,$19.76,2.51,14.55%,250592170,United States,2021,1616259,Consumer Non-Durables,Farming/Seeds/Milling
AGI,Alamos Gold Inc. Class A Common Shares,$8.00,0.1,1.27%,3141821360,Canada,2015,3521467,Basic Industries,Precious Metals
AGIO,Agios Pharmaceuticals Inc. Common Stock,$52.84,2.35,4.65%,3659688730,United States,2013,451372,Health Care,Major Pharmaceuticals
AGLE,Aeglea BioTherapeutics Inc. Common Stock,$7.60,0.07,0.93%,364322013,United States,2016,286245,Health Care,Major Pharmaceuticals
AGM,Federal Agricultural Mortgage Corporation Common Stock,$80.03,2.19,2.81%,859201440,United States,,56732,Finance,Finance Companies
AGM^C,Federal Agricultural Mortgage Corporation Preferred Series C Fixed to Fltg,$27.11,0,0.00%,,United States,,62,,
AGM^D,Federal Agricultural Mortgage Corporation 5.700% Non-Cumulative Preferred Stock Series D,$26.67,0.11,0.41%,,United States,,3128,,
AGM^E,Federal Agricultural Mortgage Corporation 5.750% Non-Cumulative Preferred Stock Series E,$27.17,0.24,0.89%,,United States,,1140,,
AGM^F,Federal Agricultural Mortgage Corporation 5.250% Non-Cumulative Preferred Stock Series F,$26.59,0.11,0.42%,,United States,,7847,,
AGMH,AGM Group Holdings Inc. Class A Ordinary Shares,$15.11,-0.45,-2.89%,436543841,Hong Kong,2018,6170,Technology,EDP Services
AGNC,AGNC Investment Corp. Common Stock,$16.30,0.13,0.80%,8793850000,United States,2008,4734601,Consumer Services,Real Estate Investment Trusts
AGNCM,AGNC Investment Corp. Depositary Shares rep 6.875% Series D Fixed-to-Floating Cumulative Redeemable Preferred Stock,$24.95,0.42,1.71%,0,United States,,24189,Consumer Services,Real Estate Investment Trusts
AGNCN,AGNC Investment Corp. Depositary Shares Each Representing a 1/1000th Interest in a Share of 7.00% Series C Fixed-To-Floating Rate Cumulative Redeemable Preferred Stock,$25.25,0.01,0.04%,0,United States,,34965,Consumer Services,Real Estate Investment Trusts
AGNCO,AGNC Investment Corp. Depositary Shares each representing a 1/1000th interest in a share of 6.50% Series E Fixed-to-Floating Cumulative Redeemable Preferred Stock,$24.72,0.17,0.69%,0,United States,,26390,Consumer Services,Real Estate Investment Trusts
AGNCP,AGNC Investment Corp. Depositary Shares Each Representing a 1/1000th Interest in a Share of 6.125% Series F Fixed-to-Floating Rate Cumulative Redeemable Preferred Stock,$24.15,0.09,0.37%,0,United States,,41028,Consumer Services,Real Estate Investment Trusts
AGO,Assured Guaranty Ltd. Common Stock,$37.63,0.35,0.94%,3040736553,Bermuda,2004,320202,Finance,Property-Casualty Insurers
AGO^B,Assured Guaranty Ltd.,$26.61,-0.0781,-0.29%,,Bermuda,,3730,,
AGO^E,Assured Guaranty Ltd.,$26.3889,0.1389,0.53%,,Bermuda,,24915,,
AGO^F,Assured Guaranty Ltd.,$25.43,-0.01,-0.04%,,Bermuda,,13332,,
AGR,Avangrid Inc. Common Stock,$47.85,0.83,1.77%,14809148274,United States,2015,449473,Public Utilities,Electric Utilities: Central
AGRO,Adecoagro S.A. Common Shares,$8.07,0.1,1.26%,946925601,Luxembourg,2011,291842,Consumer Non-Durables,Farming/Seeds/Milling
AGRX,Agile Therapeutics Inc. Common Stock,$2.98,-0.02,-0.67%,261048000,United States,2014,1071580,Health Care,Major Pharmaceuticals
AGS,PlayAGS Inc. Common Stock,$6.09,0.04,0.66%,217813545,United States,2018,290617,Consumer Durables,Miscellaneous manufacturing industries
AGTC,Applied Genetic Technologies Corporation Common Stock,$5.27,0.78,17.37%,136438324,United States,2014,9163016,Health Care,Biotechnology: Biological Products (No Diagnostic Substances)
AGX,Argan Inc. Common Stock,$44.89,0.18,0.40%,704322708,United States,,73289,Basic Industries,Engineering & Construction
AGYS,Agilysys Inc. Common Stock,$45.07,1.32,3.02%,1065344469,United States,,98025,Technology,EDP Services
AHAC,Alpha Healthcare Acquisition Corp. Class A Common Stock,$10.43,0.03,0.29%,134077650,United States,2020,19973,Finance,Business Services
AHACU,Alpha Healthcare Acquisition Corp. Unit,$11.13,0.12,1.09%,0,United States,2020,14750,Finance,Business Services
AHACW,Alpha Healthcare Acquisition Corp. Warrant,$1.63,-0.054,-3.21%,0,United States,2020,40015,Finance,Business Services
AHC,A.H. Belo Corporation (TX) Common Stock,$2.46,0,0.00%,52669641,United States,,191543,Consumer Services,Newspapers/Magazines
AHCO,AdaptHealth Corp. Class A Common Stock,$35.74,-0.26,-0.72%,3462495203,United States,2018,747885,Health Care,Medical/Nursing Services
AHH,Armada Hoffler Properties Inc. Common Stock,$11.33,0.04,0.35%,892798641,United States,2013,138853,Finance,Real Estate
AHH^A,Armada Hoffler Properties Inc. 6.75% Series A Cumulative Redeemable Perpetual Preferred Stock,$25.915,0.155,0.60%,,United States,,1578,,
AHL^C,Aspen Insurance Holdings Limited 5.95% Fixed-to-Floating Rate Perpetual Non-Cumulative Preference Shares,$26.64,-0.14,-0.52%,,Bermuda,,12685,,
AHL^D,Aspen Insurance Holdings Limited 5.625% Perpetual Non-Cumulative Preference Shares,$26.24,-0.16,-0.61%,,Bermuda,,8645,,
AHL^E,Aspen Insurance Holdings Limited Depositary Shares each representing a 1/1000th interest in a share of 5.625% Perpetual Non-Cumulative Preference Shares,$26.17,0.09,0.35%,,Bermuda,,11392,,
AHPI,Allied Healthcare Products Inc. Common Stock,$6.72,-0.12,-1.75%,26970969,United States,1992,259190,Health Care,Industrial Specialties
AHT,Ashford Hospitality Trust Inc Common Stock,$2.88,-0.05,-1.71%,198536478,United States,2003,6528628,Consumer Services,Real Estate Investment Trusts
AHT^D,Ashford Hospitality Trust Inc 8.45% Series D Cumulative Preferred Stock,$17.41,-0.39,-2.19%,,United States,,3264,,
AHT^F,Ashford Hospitality Trust Inc 7.375% Series F Cumulative Preferred Stock,$16.77,-0.16,-0.95%,,United States,,2441,,
AHT^G,Ashford Hospitality Trust Inc 7.375% Series G Cumulative Preferred Stock,$17.225,-0.265,-1.52%,,United States,,3410,,
AHT^H,Ashford Hospitality Trust Inc 7.50% Series H Cumulative Preferred Stock,$16.91,-0.27,-1.57%,,United States,,5298,,
AHT^I,Ashford Hospitality Trust Inc 7.50% Series I Cumulative Preferred Stock,$16.73,-0.21,-1.24%,,United States,,7067,,
AI,C3.ai Inc. Class A Common Stock,$146.60,-7.77,-5.03%,14051317093,,2020,2394669,Technology,Computer Software: Prepackaged Software
AIC,Arlington Asset Investment Corp 6.750% Notes due 2025,$24.75,0,0.00%,0,United States,2015,2052,Consumer Services,Real Estate Investment Trusts
AIF,Apollo Tactical Income Fund Inc. Common Stock,$14.68,0.03,0.21%,212331902,,2013,43821,,
AIG,American International Group Inc. New Common Stock,$41.68,0.34,0.82%,7574415246,United States,,3967897,Finance,Property-Casualty Insurers
AIG^A,American International Group Inc. Depositary Shares Each Representing a 1/1000th Interest in a Share of Series A 5.85% Non-Cumulative Perpetual Preferred Stock,$27.98,0.03,0.11%,,United States,,34334,,
AIH,Aesthetic Medical International Holdings Group Ltd. American Depositary Shares,$6.05,-0.18,-2.89%,142857985,China,2019,210379,Health Care,Medical Specialities
AIHS,Senmiao Technology Limited Common Stock,$1.77,-0.06,-3.28%,76745108,China,2018,3444917,Finance,Finance: Consumer Services
AIKI,AIkido Pharma Inc. Common Stock,$1.48,-0.05,-3.27%,51681924,United States,,3627021,Health Care,Biotechnology: Commercial Physical & Biological Resarch
AIM,AIM ImmunoTech Inc. Common Stock,$2.45,-0.3,-10.91%,97240529,United States,,15228790,Health Care,Biotechnology: Biological Products (No Diagnostic Substances)
AIMC,Altra Industrial Motion Corp. Common Stock,$56.45,1.36,2.47%,3653106542,United States,2006,516525,Capital Goods,Industrial Machinery/Components
AIN,Albany International Corporation Common Stock,$74.76,1.09,1.48%,2414748000,United States,,97950,Basic Industries,Textiles
AINC,Ashford Inc. (Holding Company) Common Stock,$7.94,0,0.00%,20278141,United States,2014,10709,Consumer Services,Professional Services
AINV,Apollo Investment Corporation Common Stock,$13.55,0.54,4.15%,884261835,United States,2004,981070,,
AIO,Virtus AllianzGI Artificial Intelligence & Technology Opportunities Fund Common Shares,$29.25,0.25,0.86%,1003951699,,2019,102968,,
AIR,AAR Corp. Common Stock,$37.01,-0.35,-0.94%,1306169355,United States,,140601,Capital Goods,Aerospace
AIRC,Apartment Income REIT Corp. Common Stock,$40.44,0.14,0.35%,12313144469,,2020,1590930,Consumer Services,Real Estate Investment Trusts
AIRG,Airgain Inc. Common Stock,$24.22,-0.44,-1.78%,236579919,United States,2016,149609,Technology,Radio And Television Broadcasting And Communications Equipment
AIRI,Air Industries Group Common Stock,$1.74,0.01,0.58%,55209774,United States,,689040,Capital Goods,Military/Government/Technical
AIRT,Air T Inc. Common Stock,$23.61,1.01,4.47%,68040549,United States,,13906,Transportation,Air Freight/Delivery Services
AIRTP,Air T Inc. Air T Funding Alpha Income Trust Preferred Securities,$25.50,0.435,1.74%,0,United States,,436,Transportation,Air Freight/Delivery Services
AIRTW,Air T Inc. Air T Funding Warrants to Purchase Alpha Income Trust Preferred Expiring 08/30/2021,$0.265,0.0125,4.95%,0,United States,,17282,Transportation,Air Freight/Delivery Services
AIT,Applied Industrial Technologies Inc. Common Stock,$78.85,0.54,0.69%,3061906827,United States,,132189,Consumer Durables,Industrial Specialties
AIV,Apartment Investment and Management Company Common Stock,$4.83,0.01,0.21%,1470635207,United States,1994,4566229,Consumer Services,Real Estate Investment Trusts
AIW,Arlington Asset Investment Corp 6.625% Notes due 2023,$24.93,0,0.00%,0,United States,,10,Consumer Services,Real Estate Investment Trusts
AIZ,Assurant Inc. Common Stock,$134.36,2.48,1.88%,7894884903,United States,2004,558592,Finance,Property-Casualty Insurers
AIZN,Assurant Inc. 5.25% Subordinated Notes due 2061,$26.33,-0.11,-0.42%,0,United States,2020,5067,Finance,Property-Casualty Insurers
AIZP,Assurant Inc. 6.50% Series D Mandatory Convertible Preferred Stock $1.00 par value,$126.20,1.5,1.20%,0,United States,,26906,Finance,Property-Casualty Insurers
AJAX,Ajax I Class A Ordinary Shares,$12.52,0.02,0.16%,1127831936,United States,2020,1258059,Finance,Business Services
AJG,Arthur J. Gallagher & Co. Common Stock,$118.40,2.04,1.75%,22928278400,United States,,800542,Finance,Specialty Insurers
AJRD,Aerojet Rocketdyne Holdings Inc. Common Stock,$52.75,-0.19,-0.36%,4034663877,United States,,595527,Capital Goods,Military/Government/Technical
AJX,Great Ajax Corp. Common Stock,$10.42,-0.01,-0.10%,240018896,United States,2015,38772,Consumer Services,Real Estate Investment Trusts
AJXA,Great Ajax Corp. 7.25% Convertible Senior Notes due 2024,$24.85,0.12,0.49%,0,United States,2017,3058,Consumer Services,Real Estate Investment Trusts
AKAM,Akamai Technologies Inc. Common Stock,$114.67,2.56,2.28%,18667586604,United States,1999,1288199,Miscellaneous,Business Services
AKBA,Akebia Therapeutics Inc. Common Stock,$4.51,0.64,16.54%,651870412,United States,2014,10442653,Health Care,Major Pharmaceuticals
AKER,Akers Biosciences Inc. Common Stock,$3.10,0.21,7.27%,57739983,United States,2014,493227,Health Care,Biotechnology: In Vitro & In Vivo Diagnostic Substances
AKICU,Sports Ventures Acquisition Corp. Unit,$10.46,0.07,0.67%,0,United States,2021,427035,Finance,Business Services
AKO/A,Embotelladora Andina S.A.,$13.635,0,0.00%,,Chile,,107,,
AKO/B,Embotelladora Andina S.A.,$16.50,0.06,0.37%,,Chile,,464,,
AKR,Acadia Realty Trust Common Stock,$15.10,0.04,0.27%,1302648355,United States,,339210,Consumer Services,Real Estate Investment Trusts
AKRO,Akero Therapeutics Inc. Common Stock,$31.45,1.45,4.83%,1092002025,United States,2019,244977,Health Care,Major Pharmaceuticals
AKTS,Akoustis Technologies Inc. Common Stock,$18.58,0.55,3.05%,787660361,United States,,1277102,Public Utilities,Telecommunications Equipment
AKTX,Akari Therapeutics plc ADR (0.01 USD),$2.82,0.08,2.92%,108494760,United Kingdom,,154554,Health Care,Major Pharmaceuticals
AKU,Akumin Inc. Common Shares,$3.18,0.03,0.95%,223167401,Canada,,30909,Health Care,Medical Specialities
AKUS,Akouos Inc. Common Stock,$16.41,-0.1,-0.61%,564219533,United States,2020,120992,Health Care,Major Pharmaceuticals
AL,Air Lease Corporation Class A Common Stock,$43.17,-0.2,-0.46%,4911835372,United States,2011,350762,Technology,Diversified Commercial Services
AL^A,Air Lease Corporation 6.150% Fixed-to-Floating Rate Non-Cumulative Perpetual Preferred Stock Series A,$26.40,0.05,0.19%,,United States,,13140,,
ALAC,Alberton Acquisition Corporation Ordinary Shares,$13.64,0.04,0.29%,62951846,Hong Kong,2018,57104,Finance,Business Services
ALACR,Alberton Acquisition Corporation Rights exp April 26 2021,$0.86,0.0309,3.73%,0,Hong Kong,2018,65262,Finance,Business Services
ALACW,Alberton Acquisition Corporation Warrant,$1.16,-0.0501,-4.14%,0,Hong Kong,2018,456822,Finance,Business Services
ALB,Albemarle Corporation Common Stock,$157.17,2.27,1.47%,16795325610,United States,,4970021,Basic Industries,Major Chemicals
ALBO,Albireo Pharma Inc. Common Stock,$41.95,-0.55,-1.29%,800290512,United States,,162170,Health Care,Major Pharmaceuticals
ALC,Alcon Inc. Ordinary Shares,$75.66,-0.22,-0.29%,37012872000,Switzerland,2019,556867,Health Care,Ophthalmic Goods
ALCO,Alico Inc. Common Stock,$30.89,0.35,1.15%,232089328,United States,,26675,Consumer Non-Durables,Farming/Seeds/Milling
ALDX,Aldeyra Therapeutics Inc. Common Stock,$12.59,0.28,2.28%,574890283,United States,2014,931677,Health Care,Major Pharmaceuticals
ALE,Allete Inc.,$66.09,2.27,3.56%,3435020150,United States,,339240,Public Utilities,Power Generation
ALEC,Alector Inc. Common Stock,$20.76,0.38,1.87%,1645078639,United States,2019,526909,Health Care,Biotechnology: Biological Products (No Diagnostic Substances)
ALEX,Alexander & Baldwin Inc. Common Stock REIT Holding Company,$16.07,0.16,1.01%,1162734356,United States,,192927,Consumer Services,Real Estate Investment Trusts
ALG,Alamo Group Inc. Common Stock,$147.10,-1.34,-0.90%,1747451650,United States,,29032,Capital Goods,Industrial Machinery/Components
ALGM,Allegro MicroSystems Inc. Common Stock,$30.19,-1.47,-4.64%,5718945016,United States,2020,8651884,Technology,Semiconductors
ALGN,Align Technology Inc. Common Stock,$620.45,5.29,0.86%,48922725716,United States,2001,656482,Health Care,Industrial Specialties
ALGS,Aligos Therapeutics Inc. Common Stock,$23.07,-0.73,-3.07%,879380184,United States,2020,57981,Health Care,Biotechnology: Biological Products (No Diagnostic Substances)
ALGT,Allegiant Travel Company Common Stock,$213.49,-5.89,-2.69%,3498990299,United States,2006,276084,Transportation,Air Freight/Delivery Services
ALIM,Alimera Sciences Inc. Common Stock,$7.91,0.1,1.28%,45240193,United States,2010,43641,Health Care,Major Pharmaceuticals
ALIN^A,Altera Infrastructure L.P. 7.25% Series A ,$21.53,-0.44,-2.00%,,Bermuda,,10467,,
ALIN^B,Altera Infrastructure L.P. 8.50% Series B ,$23.00,-0.09,-0.39%,,Bermuda,,26503,,
ALIN^E,Altera Infrastructure L.P. 8.875% Series E ,$23.1135,-0.3066,-1.31%,,Bermuda,,14416,,
ALJJ,ALJ Regional Holdings Inc. Common Stock,$1.35,0.05,3.85%,57133415,United States,,117849,Miscellaneous,Business Services
ALK,Alaska Air Group Inc. Common Stock,$54.18,-0.3,-0.55%,6700103492,United States,,1163158,Transportation,Air Freight/Delivery Services
ALKS,Alkermes plc Ordinary Shares,$22.33,0.57,2.62%,3553814699,Ireland,1991,1326684,Health Care,Major Pharmaceuticals
ALL,Allstate Corporation (The) Common Stock,$106.92,-0.21,-0.20%,32510953340,United States,,1742716,Finance,Property-Casualty Insurers
ALL^B,Allstate Corporation (The) 5.100% Fixed-to-Floating Rate Subordinated Debentures due 2053,$26.90,0.01,0.04%,,United States,,14287,,
ALL^G,Allstate Corporation (The) Depositary Shares each representing a 1/1000th interest in a share of Fixed Rate Noncumulative Perpetual Preferred Stock Series G,$27.61,0.06,0.22%,,United States,,21862,,
ALL^H,Allstate Corporation (The) Depositary Shares each representing a 1/1000th interest in a share of Fixed Rate Noncumulative Perpetual Preferred Stock Series H,$26.71,-0.07,-0.26%,,United States,,99190,,
ALL^I,Allstate Corporation (The) Depositary Shares each representing a 1/1000th interest in a share of Fixed Rate Noncumulative Perpetual Preferred Stock Series I,$26.71,0.07,0.26%,,United States,,11770,,
ALLE,Allegion plc Ordinary Shares,$113.79,1.92,1.72%,10473119517,United States,2013,1395732,Consumer Services,Diversified Commercial Services
ALLK,Allakos Inc. Common Stock,$144.14,2.54,1.79%,7567832292,United States,2018,196296,Health Care,Major Pharmaceuticals
ALLO,Allogene Therapeutics Inc. Common Stock,$35.22,0.88,2.56%,4940666953,United States,2018,460667,Health Care,Biotechnology: Biological Products (No Diagnostic Substances)
ALLT,Allot Ltd. Ordinary Shares,$13.80,0.34,2.53%,485932624,Israel,2006,340481,Technology,Computer Communications Equipment
ALLY,Ally Financial Inc. Common Stock,$41.64,-0.27,-0.64%,15601425360,United States,2014,4362486,Finance,Major Banks
ALLY^A,GMAC Capital Trust I Fixed Rate Floating Rate Trust Preferred Securities Series 2,$26.56,-0.02,-0.08%,,United States,,163267,,
ALNA,Allena Pharmaceuticals Inc. Common Stock,$2.03,0.01,0.50%,102009429,United States,2017,2382101,Health Care,Biotechnology: Biological Products (No Diagnostic Substances)
ALNY,Alnylam Pharmaceuticals Inc. Common Stock,$165.11,7.2,4.56%,19182606604,United States,2004,616426,Health Care,Major Pharmaceuticals
ALOT,AstroNova Inc. Common Stock,$11.025,0.195,1.80%,79054608,United States,1983,9865,Technology,Computer peripheral equipment
ALP^Q,Alabama Power Company 5.00% Class A Preferred Stock Cumulative Par Value $1 Per Share (Stated Capital $25 Per Share),$27.60,-0.13,-0.47%,,United States,,43651,,
ALPN,Alpine Immune Sciences Inc. Common Stock,$13.11,0.43,3.39%,312059729,United States,2015,97864,Health Care,Major Pharmaceuticals
ALRM,Alarm.com Holdings Inc. Common Stock,$102.12,5.84,6.07%,5015324691,United States,2015,671861,Technology,Computer Software: Prepackaged Software
ALRN,Aileron Therapeutics Inc. Common Stock,$2.19,0.03,1.39%,183106231,United States,2017,3604073,Health Care,Major Pharmaceuticals
ALRS,Alerus Financial Corporation Common Stock,$26.75,0,0.00%,458100973,United States,2019,14909,Finance,Major Banks
ALSK,Alaska Communications Systems Group Inc. Common Stock,$3.28,0,0.00%,176537915,United States,1999,886281,Public Utilities,Telecommunications Equipment
ALSN,Allison Transmission Holdings Inc. Common Stock,$43.11,0.44,1.03%,4857238274,United States,2012,618164,Capital Goods,Auto Parts:O.E.M.
ALT,Altimmune Inc. Common Stock,$18.36,0.67,3.79%,681944489,United States,,1672432,Health Care,Major Pharmaceuticals
ALTA,Altabancorp Common Stock,$34.17,-0.06,-0.18%,642512793,United States,2015,43519,Finance,Major Banks
ALTG,Alta Equipment Group Inc. Class A Common Stock,$10.36,0.41,4.12%,310991681,,2019,75444,Capital Goods,Industrial Machinery/Components
ALTG^A,Alta Equipment Group Inc. Depositary Shares (each representing 1/1000th in a share of 10% Series A Cumulative Perpetual Preferred Stock),$26.25,-0.17,-0.64%,,,,5883,,
ALTM,Altus Midstream Company Class A Common Stock,$54.76,0.84,1.56%,889656150,United States,2017,50800,Public Utilities,Natural Gas Distribution
ALTO,Alto Ingredients Inc. Common Stock,$7.65,0.42,5.81%,553258488,United States,,3919386,Basic Industries,Major Chemicals
ALTR,Altair Engineering Inc. Class A Common Stock,$64.64,1.1,1.73%,4761209617,United States,2017,217599,Technology,Computer Software: Prepackaged Software
ALTU,Altitude Acquisition Corp. Class A Common Stock,$10.28,0.02,0.20%,0,United States,2021,118957,Finance,Business Services
ALTUU,Altitude Acquisition Corp. Unit,$11.25,0.05,0.45%,0,United States,2020,88060,Finance,Business Services
ALTUW,Altitude Acquisition Corp. Warrant,$2.12,0.07,3.42%,0,United States,2021,212804,Finance,Business Services
ALUS,Alussa Energy Acquisition Corp. Class A Ordinary Shares,$13.95,0.06,0.43%,501328125,,2020,3451841,Finance,Business Services
ALV,Autoliv Inc. Common Stock,$94.49,0.8,0.85%,8258426000,Sweden,,607190,Capital Goods,Auto Parts:O.E.M.
ALVR,AlloVir Inc. Common Stock,$43.70,0.71,1.65%,2738651600,United States,2020,252167,Health Care,Biotechnology: Biological Products (No Diagnostic Substances)
ALX,Alexander's Inc. Common Stock,$265.59,-0.57,-0.21%,1356445151,United States,,9177,Consumer Services,Real Estate Investment Trusts
ALXN,Alexion Pharmaceuticals Inc. Common Stock,$153.92,-1.67,-1.07%,33665469673,United States,1996,2210477,Health Care,Major Pharmaceuticals
ALXO,ALX Oncology Holdings Inc. Common Stock,$80.12,0.15,0.19%,2973054663,United States,2020,119647,Health Care,Major Pharmaceuticals
ALYA,Alithya Group inc. Class A Subordinate Voting Shares,$2.62,-0.04,-1.50%,152172836,Canada,,253801,Technology,Computer Software: Programming Data Processing
AM,Antero Midstream Corporation Common Stock,$8.04,0.12,1.52%,3832177576,United States,2017,4769093,Public Utilities,Natural Gas Distribution
AMAL,Amalgamated Bank Class A Common Stock,$15.56,0.12,0.78%,483130609,United States,2018,38041,Consumer Non-Durables,Textiles
AMAT,Applied Materials Inc. Common Stock,$100.71,-2.53,-2.45%,92417622391,United States,1972,6345231,Technology,Semiconductors
AMBA,Ambarella Inc. Ordinary Shares,$112.68,0.65,0.58%,3963185129,United States,2012,475306,Technology,Semiconductors
AMBC,Ambac Financial Group Inc. Common Stock,$14.92,-0.06,-0.40%,683472354,United States,,169503,Finance,Property-Casualty Insurers
AMBO,Ambow Education Holding Ltd. American Depository Shares each representing two Class A ordinary shares,$3.03,-0.62,-16.99%,70342468,China,,14867634,Consumer Services,Other Consumer Services
AMC,AMC Entertainment Holdings Inc. Class A Common Stock,$6.83,-0.26,-3.67%,2315870926,,2013,195526287,Consumer Services,Movies/Entertainment
AMCR,Amcor plc Ordinary Shares,$11.47,0.29,2.59%,17990483023,,2019,6154555,Consumer Durables,Miscellaneous manufacturing industries
AMCX,AMC Networks Inc. Class A Common Stock,$46.87,2.06,4.60%,1932880742,United States,,787601,Consumer Services,Television Services
AMD,Advanced Micro Devices Inc. Common Stock,$87.90,0.06,0.07%,1.06472E+11,United States,,30197404,Technology,Semiconductors
AME,AMETEK Inc.,$117.00,-0.15,-0.13%,26917588152,United States,,2011075,Capital Goods,Industrial Machinery/Components
